{"product":{"quick_status":{"productId":"GOLDEN_TOOTH","sellPrice":78946.22778505897,"sellVolume":121534,"sellMovingWeek":55634,"sellOrders":263,"buyPrice":79998.55797562268,"buyVolume":71634,"buyMovingWeek":231830,"buyOrders":188}},"ingredients":{"products":[{"quick_status":{"productId":"ENCHANTED_GOLD","sellPrice":606.0678217332791,"sellVolume":7977520,"sellMovingWeek":28017238,"sellOrders":268,"buyPrice":642.6136184094407,"buyVolume":6653969,"buyMovingWeek":6167133,"buyOrders":906}},{"quick_status":{"productId":"WOLF_TOOTH","sellPrice":373.39722424177944,"sellVolume":8386032,"sellMovingWeek":33837748,"sellOrders":232,"buyPrice":456.76427030051144,"buyVolume":3446115,"buyMovingWeek":4015238,"buyOrders":976}}],"quantity":[32,128]}}